full.id	cell_barcode	sample.id	mouse.id	tissue
CACAGTACATTAACCG.10X_P4_4	CACAGTACATTAACCG	10X_P4_4	3-M-9	Bladder
TCAGGATCATCTACGA.10X_P4_5	TCAGGATCATCTACGA	10X_P4_5	3-M-8	Kidney
TGTGTTTCACCAGGCT.10X_P4_4	TGTGTTTCACCAGGCT	10X_P4_4	3-M-9	Bladder
CCACCTACAGTGACAG.10X_P4_5	CCACCTACAGTGACAG	10X_P4_5	3-M-8	Kidney
TGAGAGGAGAAGCCCA.10X_P4_1	TGAGAGGAGAAGCCCA	10X_P4_1	3-M-9	Tongue
CCGTGGAAGGGAACGG.10X_P4_0	CCGTGGAAGGGAACGG	10X_P4_0	3-M-8	Tongue
ACGGAGAGTTCGTGAT.10X_P4_0	ACGGAGAGTTCGTGAT	10X_P4_0	3-M-8	Tongue
CCAGCGAAGCATCATC.10X_P4_1	CCAGCGAAGCATCATC	10X_P4_1	3-M-9	Tongue
ACACCAATCATAAAGG.10X_P4_4	ACACCAATCATAAAGG	10X_P4_4	3-M-9	Bladder
ACTTTCATCAACGGCC.10X_P4_6	ACTTTCATCAACGGCC	10X_P4_6	3-M-9	Kidney
CGTAGGCGTATAATGG.10X_P4_0	CGTAGGCGTATAATGG	10X_P4_0	3-M-8	Tongue
CAACTAGAGGACAGAA.10X_P4_0	CAACTAGAGGACAGAA	10X_P4_0	3-M-8	Tongue
TCTTCGGGTTGCGCAC.10X_P4_4	TCTTCGGGTTGCGCAC	10X_P4_4	3-M-9	Bladder
ATTGGACAGCTGTTCA.10X_P4_0	ATTGGACAGCTGTTCA	10X_P4_0	3-M-8	Tongue
TGCGCAGTCAGCTCTC.10X_P4_1	TGCGCAGTCAGCTCTC	10X_P4_1	3-M-9	Tongue
GGGAGATGTACGACCC.10X_P4_1	GGGAGATGTACGACCC	10X_P4_1	3-M-9	Tongue
CGAATGTAGTATTGGA.10X_P4_1	CGAATGTAGTATTGGA	10X_P4_1	3-M-9	Tongue
GTCCTCACAATGAAAC.10X_P4_1	GTCCTCACAATGAAAC	10X_P4_1	3-M-9	Tongue
CTCAGAATCGCAAGCC.10X_P4_0	CTCAGAATCGCAAGCC	10X_P4_0	3-M-8	Tongue
ATTGGACCAGTCAGAG.10X_P4_6	ATTGGACCAGTCAGAG	10X_P4_6	3-M-9	Kidney
GTCAAGTTCTTGTATC.10X_P4_1	GTCAAGTTCTTGTATC	10X_P4_1	3-M-9	Tongue
CCGTTCAGTGACTACT.10X_P4_0	CCGTTCAGTGACTACT	10X_P4_0	3-M-8	Tongue
AGTAGTCAGAAGGTTT.10X_P4_6	AGTAGTCAGAAGGTTT	10X_P4_6	3-M-9	Kidney
ACGCCAGTCTTTAGGG.10X_P4_4	ACGCCAGTCTTTAGGG	10X_P4_4	3-M-9	Bladder
GATTCAGAGTCGAGTG.10X_P4_1	GATTCAGAGTCGAGTG	10X_P4_1	3-M-9	Tongue
ACGCAGCTCAAAGACA.10X_P4_1	ACGCAGCTCAAAGACA	10X_P4_1	3-M-9	Tongue
CTCGAGGAGGGTTTCT.10X_P4_3	CTCGAGGAGGGTTTCT	10X_P4_3	3-M-8	Bladder
TTGACTTGTCGAGATG.10X_P4_1	TTGACTTGTCGAGATG	10X_P4_1	3-M-9	Tongue
CGCTTCAAGATAGTCA.10X_P4_0	CGCTTCAAGATAGTCA	10X_P4_0	3-M-8	Tongue
CCAGCGAGTTCCCGAG.10X_P4_1	CCAGCGAGTTCCCGAG	10X_P4_1	3-M-9	Tongue
TAGACCAGTAAGCACG.10X_P4_4	TAGACCAGTAAGCACG	10X_P4_4	3-M-9	Bladder
GACTAACCACGAAACG.10X_P4_0	GACTAACCACGAAACG	10X_P4_0	3-M-8	Tongue
TCACAAGGTTAAAGAC.10X_P4_0	TCACAAGGTTAAAGAC	10X_P4_0	3-M-8	Tongue
CGAGCCAAGTCCATAC.10X_P4_1	CGAGCCAAGTCCATAC	10X_P4_1	3-M-9	Tongue
GGAGCAAAGTACGTTC.10X_P4_0	GGAGCAAAGTACGTTC	10X_P4_0	3-M-8	Tongue
CCTTACGAGTCGTACT.10X_P4_0	CCTTACGAGTCGTACT	10X_P4_0	3-M-8	Tongue
ACCAGTACAAGAAAGG.10X_P4_5	ACCAGTACAAGAAAGG	10X_P4_5	3-M-8	Kidney
AAGGAGCAGGGCTCTC.10X_P4_6	AAGGAGCAGGGCTCTC	10X_P4_6	3-M-9	Kidney
GGCCGATAGGGAACGG.10X_P4_1	GGCCGATAGGGAACGG	10X_P4_1	3-M-9	Tongue
GGCTGGTTCCGCGGTA.10X_P4_0	GGCTGGTTCCGCGGTA	10X_P4_0	3-M-8	Tongue
GACGTGCGTTAAGACA.10X_P4_4	GACGTGCGTTAAGACA	10X_P4_4	3-M-9	Bladder
TTAACTCCACCAGATT.10X_P4_1	TTAACTCCACCAGATT	10X_P4_1	3-M-9	Tongue
AAAGCAAAGACACTAA.10X_P4_6	AAAGCAAAGACACTAA	10X_P4_6	3-M-9	Kidney
TCAATCTCATATGCTG.10X_P4_4	TCAATCTCATATGCTG	10X_P4_4	3-M-9	Bladder
CTCGTCAGTCAATACC.10X_P4_0	CTCGTCAGTCAATACC	10X_P4_0	3-M-8	Tongue
TACACGACATTTCACT.10X_P4_0	TACACGACATTTCACT	10X_P4_0	3-M-8	Tongue
CTGATCCCACTTAACG.10X_P4_0	CTGATCCCACTTAACG	10X_P4_0	3-M-8	Tongue
ATAAGAGAGTCTCGGC.10X_P4_0	ATAAGAGAGTCTCGGC	10X_P4_0	3-M-8	Tongue
CCCAATCCATATGGTC.10X_P4_0	CCCAATCCATATGGTC	10X_P4_0	3-M-8	Tongue
CAACCTCTCTTCATGT.10X_P4_1	CAACCTCTCTTCATGT	10X_P4_1	3-M-9	Tongue
TTGTAGGCAAGCCGCT.10X_P4_6	TTGTAGGCAAGCCGCT	10X_P4_6	3-M-9	Kidney
AGCCTAACAGTCGATT.10X_P4_5	AGCCTAACAGTCGATT	10X_P4_5	3-M-8	Kidney
GTGCGGTTCTTTCCTC.10X_P4_0	GTGCGGTTCTTTCCTC	10X_P4_0	3-M-8	Tongue
GGGACCTGTTGGTGGA.10X_P4_0	GGGACCTGTTGGTGGA	10X_P4_0	3-M-8	Tongue
TAAGCGTAGAGACTAT.10X_P4_4	TAAGCGTAGAGACTAT	10X_P4_4	3-M-9	Bladder
TCCACACAGACCTAGG.10X_P4_1	TCCACACAGACCTAGG	10X_P4_1	3-M-9	Tongue
AGTGAGGCAAGCTGGA.10X_P4_4	AGTGAGGCAAGCTGGA	10X_P4_4	3-M-9	Bladder
GGTGTTAGTCTTGATG.10X_P4_0	GGTGTTAGTCTTGATG	10X_P4_0	3-M-8	Tongue
CTCGAGGGTGGCTCCA.10X_P4_1	CTCGAGGGTGGCTCCA	10X_P4_1	3-M-9	Tongue
TACACGACAGATTGCT.10X_P4_0	TACACGACAGATTGCT	10X_P4_0	3-M-8	Tongue
CACACCTCAACAACCT.10X_P4_4	CACACCTCAACAACCT	10X_P4_4	3-M-9	Bladder
TGGTTCCCACAGACTT.10X_P4_0	TGGTTCCCACAGACTT	10X_P4_0	3-M-8	Tongue
GCTGCGAAGAAGGTGA.10X_P4_6	GCTGCGAAGAAGGTGA	10X_P4_6	3-M-9	Kidney
ATCACGAGTTTGCATG.10X_P4_4	ATCACGAGTTTGCATG	10X_P4_4	3-M-9	Bladder
CTCTGGTAGCGCTTAT.10X_P4_6	CTCTGGTAGCGCTTAT	10X_P4_6	3-M-9	Kidney
CTCCTAGTCACCAGGC.10X_P4_0	CTCCTAGTCACCAGGC	10X_P4_0	3-M-8	Tongue
CTAAGACGTGCAGTAG.10X_P4_6	CTAAGACGTGCAGTAG	10X_P4_6	3-M-9	Kidney
GATCGATCAAGCGCTC.10X_P4_0	GATCGATCAAGCGCTC	10X_P4_0	3-M-8	Tongue
TAGTGGTGTCTAGTCA.10X_P4_1	TAGTGGTGTCTAGTCA	10X_P4_1	3-M-9	Tongue
TCATTTGCAGTCAGAG.10X_P4_6	TCATTTGCAGTCAGAG	10X_P4_6	3-M-9	Kidney
GATCGCGTCACCCTCA.10X_P4_3	GATCGCGTCACCCTCA	10X_P4_3	3-M-8	Bladder
ACACCCTAGTCGATAA.10X_P4_1	ACACCCTAGTCGATAA	10X_P4_1	3-M-9	Tongue
CATGGCGTCCCTAATT.10X_P4_0	CATGGCGTCCCTAATT	10X_P4_0	3-M-8	Tongue
GATGAGGTCAGTTAGC.10X_P4_0	GATGAGGTCAGTTAGC	10X_P4_0	3-M-8	Tongue
ATCTGCCAGGCAAAGA.10X_P4_0	ATCTGCCAGGCAAAGA	10X_P4_0	3-M-8	Tongue
TCAATCTTCAATAAGG.10X_P4_1	TCAATCTTCAATAAGG	10X_P4_1	3-M-9	Tongue
CCCAATCCAATCTGCA.10X_P4_6	CCCAATCCAATCTGCA	10X_P4_6	3-M-9	Kidney
CTCAGAACAGGGCATA.10X_P4_1	CTCAGAACAGGGCATA	10X_P4_1	3-M-9	Tongue
AGCAGCCGTCAGAATA.10X_P4_1	AGCAGCCGTCAGAATA	10X_P4_1	3-M-9	Tongue
GGACAGATCCCAAGTA.10X_P4_0	GGACAGATCCCAAGTA	10X_P4_0	3-M-8	Tongue
CCATGTCGTAGCCTAT.10X_P4_5	CCATGTCGTAGCCTAT	10X_P4_5	3-M-8	Kidney
GCCTCTATCCGCATAA.10X_P4_1	GCCTCTATCCGCATAA	10X_P4_1	3-M-9	Tongue
ACTGAACTCCGCAAGC.10X_P4_0	ACTGAACTCCGCAAGC	10X_P4_0	3-M-8	Tongue
TTGTAGGGTTTGTTTC.10X_P4_0	TTGTAGGGTTTGTTTC	10X_P4_0	3-M-8	Tongue
CTTAACTCACGAAAGC.10X_P4_0	CTTAACTCACGAAAGC	10X_P4_0	3-M-8	Tongue
CGCGTTTCATCCTTGC.10X_P4_0	CGCGTTTCATCCTTGC	10X_P4_0	3-M-8	Tongue
GAATGAATCGCGTTTC.10X_P4_4	GAATGAATCGCGTTTC	10X_P4_4	3-M-9	Bladder
GGGTTGCTCTTTACAC.10X_P4_1	GGGTTGCTCTTTACAC	10X_P4_1	3-M-9	Tongue
GAAGCAGTCATGTAGC.10X_P4_4	GAAGCAGTCATGTAGC	10X_P4_4	3-M-9	Bladder
TATGCCCGTCTTCGTC.10X_P4_0	TATGCCCGTCTTCGTC	10X_P4_0	3-M-8	Tongue
TACGGTATCTTGGGTA.10X_P4_6	TACGGTATCTTGGGTA	10X_P4_6	3-M-9	Kidney
ATCCACCGTTCCATGA.10X_P4_4	ATCCACCGTTCCATGA	10X_P4_4	3-M-9	Bladder
AGTCTTTGTACACCGC.10X_P4_0	AGTCTTTGTACACCGC	10X_P4_0	3-M-8	Tongue
GCAGTTAAGAAGGCCT.10X_P4_1	GCAGTTAAGAAGGCCT	10X_P4_1	3-M-9	Tongue
GCGACCAGTTCGTGAT.10X_P4_4	GCGACCAGTTCGTGAT	10X_P4_4	3-M-9	Bladder
TCCACACTCACCGTAA.10X_P4_1	TCCACACTCACCGTAA	10X_P4_1	3-M-9	Tongue
CTTGGCTTCTCTGCTG.10X_P4_4	CTTGGCTTCTCTGCTG	10X_P4_4	3-M-9	Bladder
TCAGGTAAGATGCCTT.10X_P4_4	TCAGGTAAGATGCCTT	10X_P4_4	3-M-9	Bladder
CCAGCGATCTGCCAGG.10X_P4_0	CCAGCGATCTGCCAGG	10X_P4_0	3-M-8	Tongue
GATCGCGTCAACACGT.10X_P4_1	GATCGCGTCAACACGT	10X_P4_1	3-M-9	Tongue
GATGCTATCGGTTCGG.10X_P4_0	GATGCTATCGGTTCGG	10X_P4_0	3-M-8	Tongue
AGCGGTCGTATATGAG.10X_P4_1	AGCGGTCGTATATGAG	10X_P4_1	3-M-9	Tongue
TAGTGGTGTCAATGTC.10X_P4_6	TAGTGGTGTCAATGTC	10X_P4_6	3-M-9	Kidney
CTGAAACCACCAACCG.10X_P4_1	CTGAAACCACCAACCG	10X_P4_1	3-M-9	Tongue
CACACAAAGATATGGT.10X_P4_1	CACACAAAGATATGGT	10X_P4_1	3-M-9	Tongue
ACATACGTCATAGCAC.10X_P4_6	ACATACGTCATAGCAC	10X_P4_6	3-M-9	Kidney
GTCGGGTTCCTAGAAC.10X_P4_1	GTCGGGTTCCTAGAAC	10X_P4_1	3-M-9	Tongue
CTACATTCAGCTGTTA.10X_P4_5	CTACATTCAGCTGTTA	10X_P4_5	3-M-8	Kidney
CAGAGAGGTGATGCCC.10X_P4_0	CAGAGAGGTGATGCCC	10X_P4_0	3-M-8	Tongue
GGGCACTGTTGTGGAG.10X_P4_0	GGGCACTGTTGTGGAG	10X_P4_0	3-M-8	Tongue
TGGCGCACATCGATGT.10X_P4_1	TGGCGCACATCGATGT	10X_P4_1	3-M-9	Tongue
CTCTACGTCATGTAGC.10X_P4_0	CTCTACGTCATGTAGC	10X_P4_0	3-M-8	Tongue
TACACGAAGGTGCAAC.10X_P4_4	TACACGAAGGTGCAAC	10X_P4_4	3-M-9	Bladder
CACACCTTCCACGTGG.10X_P4_0	CACACCTTCCACGTGG	10X_P4_0	3-M-8	Tongue
GGACGTCGTCAATACC.10X_P4_4	GGACGTCGTCAATACC	10X_P4_4	3-M-9	Bladder
GTACGTAAGCGATGAC.10X_P4_6	GTACGTAAGCGATGAC	10X_P4_6	3-M-9	Kidney
GGGAATGCAAGGACAC.10X_P4_6	GGGAATGCAAGGACAC	10X_P4_6	3-M-9	Kidney
CCGGGATTCTTCCTTC.10X_P4_1	CCGGGATTCTTCCTTC	10X_P4_1	3-M-9	Tongue
AGTAGTCTCACTCTTA.10X_P4_0	AGTAGTCTCACTCTTA	10X_P4_0	3-M-8	Tongue
CGTGTAAGTACTCAAC.10X_P4_0	CGTGTAAGTACTCAAC	10X_P4_0	3-M-8	Tongue
CACACAAGTACTCGCG.10X_P4_1	CACACAAGTACTCGCG	10X_P4_1	3-M-9	Tongue
GCTCCTAAGTACGTTC.10X_P4_1	GCTCCTAAGTACGTTC	10X_P4_1	3-M-9	Tongue
AAAGATGAGTTCGCAT.10X_P4_0	AAAGATGAGTTCGCAT	10X_P4_0	3-M-8	Tongue
GATCAGTAGGGATGGG.10X_P4_1	GATCAGTAGGGATGGG	10X_P4_1	3-M-9	Tongue
CACATATTCTGGTATG.10X_P4_3	CACATATTCTGGTATG	10X_P4_3	3-M-8	Bladder
GGGTTGCGTTCGCTAA.10X_P4_4	GGGTTGCGTTCGCTAA	10X_P4_4	3-M-9	Bladder
CTAATGGAGGTAGCTG.10X_P4_6	CTAATGGAGGTAGCTG	10X_P4_6	3-M-9	Kidney
CGGCTAGCAGACAGGT.10X_P4_0	CGGCTAGCAGACAGGT	10X_P4_0	3-M-8	Tongue
CAAGTTGGTGATGATA.10X_P4_0	CAAGTTGGTGATGATA	10X_P4_0	3-M-8	Tongue
TACTCGCAGAAACCTA.10X_P4_4	TACTCGCAGAAACCTA	10X_P4_4	3-M-9	Bladder
CTAGTGACAGTATCTG.10X_P4_0	CTAGTGACAGTATCTG	10X_P4_0	3-M-8	Tongue
CGTGTAAAGACATAAC.10X_P4_1	CGTGTAAAGACATAAC	10X_P4_1	3-M-9	Tongue
CCATGTCAGGTAGCCA.10X_P4_4	CCATGTCAGGTAGCCA	10X_P4_4	3-M-9	Bladder
CCTTCGATCAGCCTAA.10X_P4_1	CCTTCGATCAGCCTAA	10X_P4_1	3-M-9	Tongue
AAACCTGTCCGCATCT.10X_P4_6	AAACCTGTCCGCATCT	10X_P4_6	3-M-9	Kidney
TTGGAACAGTGTGGCA.10X_P4_5	TTGGAACAGTGTGGCA	10X_P4_5	3-M-8	Kidney
GTGCAGCTCAGTTAGC.10X_P4_3	GTGCAGCTCAGTTAGC	10X_P4_3	3-M-8	Bladder
CTGTTTACAAAGAATC.10X_P4_0	CTGTTTACAAAGAATC	10X_P4_0	3-M-8	Tongue
TTTACTGCAGACAAAT.10X_P4_0	TTTACTGCAGACAAAT	10X_P4_0	3-M-8	Tongue
CATCCACAGAGCCTAG.10X_P4_4	CATCCACAGAGCCTAG	10X_P4_4	3-M-9	Bladder
GATGAAACAATGAAAC.10X_P4_1	GATGAAACAATGAAAC	10X_P4_1	3-M-9	Tongue
GTACTCCTCGCCTGTT.10X_P4_3	GTACTCCTCGCCTGTT	10X_P4_3	3-M-8	Bladder
CAGCGACGTCTCACCT.10X_P4_0	CAGCGACGTCTCACCT	10X_P4_0	3-M-8	Tongue
ATCCGAATCTCTAAGG.10X_P4_1	ATCCGAATCTCTAAGG	10X_P4_1	3-M-9	Tongue
AACCGCGCATCTGGTA.10X_P4_0	AACCGCGCATCTGGTA	10X_P4_0	3-M-8	Tongue
CAGATCAAGTTGCAGG.10X_P4_6	CAGATCAAGTTGCAGG	10X_P4_6	3-M-9	Kidney
TTTATGCCAGCTCGAC.10X_P4_6	TTTATGCCAGCTCGAC	10X_P4_6	3-M-9	Kidney
GGACAAGGTTGAGGTG.10X_P4_1	GGACAAGGTTGAGGTG	10X_P4_1	3-M-9	Tongue
GGCGACTCACTGTCGG.10X_P4_6	GGCGACTCACTGTCGG	10X_P4_6	3-M-9	Kidney
GTCTTCGTCATGCTCC.10X_P4_0	GTCTTCGTCATGCTCC	10X_P4_0	3-M-8	Tongue
TGGTTCCGTACATGTC.10X_P4_4	TGGTTCCGTACATGTC	10X_P4_4	3-M-9	Bladder
TACCTATGTGCACGAA.10X_P4_1	TACCTATGTGCACGAA	10X_P4_1	3-M-9	Tongue
TGAGCATAGCAGCGTA.10X_P4_4	TGAGCATAGCAGCGTA	10X_P4_4	3-M-9	Bladder
TTAGTTCGTCGCTTCT.10X_P4_0	TTAGTTCGTCGCTTCT	10X_P4_0	3-M-8	Tongue
GCAAACTCAGAAGCAC.10X_P4_0	GCAAACTCAGAAGCAC	10X_P4_0	3-M-8	Tongue
TTAACTCGTCCGACGT.10X_P4_4	TTAACTCGTCCGACGT	10X_P4_4	3-M-9	Bladder
AAATGCCAGGGTCTCC.10X_P4_1	AAATGCCAGGGTCTCC	10X_P4_1	3-M-9	Tongue
ACGTCAAGTACCATCA.10X_P4_1	ACGTCAAGTACCATCA	10X_P4_1	3-M-9	Tongue
TCCCGATTCTGCTTGC.10X_P4_5	TCCCGATTCTGCTTGC	10X_P4_5	3-M-8	Kidney
CCCATACAGAGTACCG.10X_P4_1	CCCATACAGAGTACCG	10X_P4_1	3-M-9	Tongue
CCACTACAGTCCTCCT.10X_P4_6	CCACTACAGTCCTCCT	10X_P4_6	3-M-9	Kidney
CGACCTTGTCCCGACA.10X_P4_1	CGACCTTGTCCCGACA	10X_P4_1	3-M-9	Tongue
AGAGTGGCAATGGACG.10X_P4_5	AGAGTGGCAATGGACG	10X_P4_5	3-M-8	Kidney
ACTATCTTCACCTCGT.10X_P4_4	ACTATCTTCACCTCGT	10X_P4_4	3-M-9	Bladder
CGCTTCAAGGGAGTAA.10X_P4_0	CGCTTCAAGGGAGTAA	10X_P4_0	3-M-8	Tongue
GGATGTTCAATGTTGC.10X_P4_6	GGATGTTCAATGTTGC	10X_P4_6	3-M-9	Kidney
TGCCAAATCTTCGGTC.10X_P4_6	TGCCAAATCTTCGGTC	10X_P4_6	3-M-9	Kidney
CCGTGGACATCAGTAC.10X_P4_0	CCGTGGACATCAGTAC	10X_P4_0	3-M-8	Tongue
TCTCATAAGATATGCA.10X_P4_4	TCTCATAAGATATGCA	10X_P4_4	3-M-9	Bladder
TGCCAAAGTCTCTCGT.10X_P4_1	TGCCAAAGTCTCTCGT	10X_P4_1	3-M-9	Tongue
CTCTAATAGACTGGGT.10X_P4_6	CTCTAATAGACTGGGT	10X_P4_6	3-M-9	Kidney
TAAGTGCTCTATGTGG.10X_P4_0	TAAGTGCTCTATGTGG	10X_P4_0	3-M-8	Tongue
TGAGCATTCCATGAGT.10X_P4_4	TGAGCATTCCATGAGT	10X_P4_4	3-M-9	Bladder
ACGCCAGGTCGGCATC.10X_P4_0	ACGCCAGGTCGGCATC	10X_P4_0	3-M-8	Tongue
CGATTGATCGCACTCT.10X_P4_0	CGATTGATCGCACTCT	10X_P4_0	3-M-8	Tongue
GTAACTGTCCAAACTG.10X_P4_4	GTAACTGTCCAAACTG	10X_P4_4	3-M-9	Bladder
CGTCCATAGTCCTCCT.10X_P4_3	CGTCCATAGTCCTCCT	10X_P4_3	3-M-8	Bladder
ATCATCTAGTACGATA.10X_P4_6	ATCATCTAGTACGATA	10X_P4_6	3-M-9	Kidney
ATGAGGGCACCCTATC.10X_P4_4	ATGAGGGCACCCTATC	10X_P4_4	3-M-9	Bladder
GGTGCGTGTAAGGGAA.10X_P4_4	GGTGCGTGTAAGGGAA	10X_P4_4	3-M-9	Bladder
CAGAATCTCTTCTGGC.10X_P4_0	CAGAATCTCTTCTGGC	10X_P4_0	3-M-8	Tongue
TACACGAGTAGCTGCC.10X_P4_1	TACACGAGTAGCTGCC	10X_P4_1	3-M-9	Tongue
TAAGCGTTCTTTACGT.10X_P4_0	TAAGCGTTCTTTACGT	10X_P4_0	3-M-8	Tongue
GTGCGGTTCGCATGAT.10X_P4_0	GTGCGGTTCGCATGAT	10X_P4_0	3-M-8	Tongue
ATCTACTTCGCTTGTC.10X_P4_6	ATCTACTTCGCTTGTC	10X_P4_6	3-M-9	Kidney
CAAGATCCAAGTCATC.10X_P4_4	CAAGATCCAAGTCATC	10X_P4_4	3-M-9	Bladder
CTCACACAGGCTCAGA.10X_P4_0	CTCACACAGGCTCAGA	10X_P4_0	3-M-8	Tongue
TATCAGGTCTGGTGTA.10X_P4_6	TATCAGGTCTGGTGTA	10X_P4_6	3-M-9	Kidney
ACATCAGTCCGATATG.10X_P4_0	ACATCAGTCCGATATG	10X_P4_0	3-M-8	Tongue
AGTGAGGGTGTGGCTC.10X_P4_0	AGTGAGGGTGTGGCTC	10X_P4_0	3-M-8	Tongue
TAAACCGTCTGCGGCA.10X_P4_4	TAAACCGTCTGCGGCA	10X_P4_4	3-M-9	Bladder
TCTCATAAGTACACCT.10X_P4_5	TCTCATAAGTACACCT	10X_P4_5	3-M-8	Kidney
CGTTAGATCGCTGATA.10X_P4_0	CGTTAGATCGCTGATA	10X_P4_0	3-M-8	Tongue
AAACGGGGTAGTGAAT.10X_P4_0	AAACGGGGTAGTGAAT	10X_P4_0	3-M-8	Tongue
ATTATCCCACATAACC.10X_P4_6	ATTATCCCACATAACC	10X_P4_6	3-M-9	Kidney
AGATCTGAGGTGTTAA.10X_P4_0	AGATCTGAGGTGTTAA	10X_P4_0	3-M-8	Tongue
GCGCCAATCTACCAGA.10X_P4_0	GCGCCAATCTACCAGA	10X_P4_0	3-M-8	Tongue
AGTCTTTGTTAGAACA.10X_P4_4	AGTCTTTGTTAGAACA	10X_P4_4	3-M-9	Bladder
GTGTTAGTCGCCTGAG.10X_P4_0	GTGTTAGTCGCCTGAG	10X_P4_0	3-M-8	Tongue
GTTCATTGTAAGTGTA.10X_P4_1	GTTCATTGTAAGTGTA	10X_P4_1	3-M-9	Tongue
ACTGATGCACCGATAT.10X_P4_1	ACTGATGCACCGATAT	10X_P4_1	3-M-9	Tongue
CTAGAGTTCCGCGGTA.10X_P4_5	CTAGAGTTCCGCGGTA	10X_P4_5	3-M-8	Kidney
GTCACAAAGGACAGAA.10X_P4_0	GTCACAAAGGACAGAA	10X_P4_0	3-M-8	Tongue
CGGACACCAGCTGGCT.10X_P4_1	CGGACACCAGCTGGCT	10X_P4_1	3-M-9	Tongue
TAGAGCTCAGATCGGA.10X_P4_1	TAGAGCTCAGATCGGA	10X_P4_1	3-M-9	Tongue
TTAGTTCGTTTGGGCC.10X_P4_4	TTAGTTCGTTTGGGCC	10X_P4_4	3-M-9	Bladder
ACCCACTTCACCATAG.10X_P4_0	ACCCACTTCACCATAG	10X_P4_0	3-M-8	Tongue
TGAGAGGTCAAGGCTT.10X_P4_0	TGAGAGGTCAAGGCTT	10X_P4_0	3-M-8	Tongue
GATGCTAGTCATGCAT.10X_P4_1	GATGCTAGTCATGCAT	10X_P4_1	3-M-9	Tongue
TTAGTTCTCACCCTCA.10X_P4_1	TTAGTTCTCACCCTCA	10X_P4_1	3-M-9	Tongue
CGGACGTGTGGTCCGT.10X_P4_0	CGGACGTGTGGTCCGT	10X_P4_0	3-M-8	Tongue
CACACTCTCATACGGT.10X_P4_1	CACACTCTCATACGGT	10X_P4_1	3-M-9	Tongue
GACGTGCAGCCACGCT.10X_P4_0	GACGTGCAGCCACGCT	10X_P4_0	3-M-8	Tongue
TTTGCGCTCAGTTCGA.10X_P4_0	TTTGCGCTCAGTTCGA	10X_P4_0	3-M-8	Tongue
CACCTTGGTTATGTGC.10X_P4_6	CACCTTGGTTATGTGC	10X_P4_6	3-M-9	Kidney
GCATGCGAGCCAGGAT.10X_P4_1	GCATGCGAGCCAGGAT	10X_P4_1	3-M-9	Tongue
TCTCATATCTTCATGT.10X_P4_0	TCTCATATCTTCATGT	10X_P4_0	3-M-8	Tongue
ACCGTAAAGGACGAAA.10X_P4_1	ACCGTAAAGGACGAAA	10X_P4_1	3-M-9	Tongue
CGGACACGTTCCTCCA.10X_P4_1	CGGACACGTTCCTCCA	10X_P4_1	3-M-9	Tongue
CACACAATCTGAGTGT.10X_P4_0	CACACAATCTGAGTGT	10X_P4_0	3-M-8	Tongue
GCAAACTAGTGGTCCC.10X_P4_0	GCAAACTAGTGGTCCC	10X_P4_0	3-M-8	Tongue
TGCGTGGGTCCAGTAT.10X_P4_0	TGCGTGGGTCCAGTAT	10X_P4_0	3-M-8	Tongue
CACCACTAGAATGTTG.10X_P4_0	CACCACTAGAATGTTG	10X_P4_0	3-M-8	Tongue
AGTCTTTAGTTAACGA.10X_P4_1	AGTCTTTAGTTAACGA	10X_P4_1	3-M-9	Tongue
CTCGAAATCGTCACGG.10X_P4_5	CTCGAAATCGTCACGG	10X_P4_5	3-M-8	Kidney
CCTTCGATCTCCGGTT.10X_P4_3	CCTTCGATCTCCGGTT	10X_P4_3	3-M-8	Bladder
GACCAATCATTCTCAT.10X_P4_5	GACCAATCATTCTCAT	10X_P4_5	3-M-8	Kidney
CTCGTCATCTAACCGA.10X_P4_1	CTCGTCATCTAACCGA	10X_P4_1	3-M-9	Tongue
CCTATTAGTCCGCTGA.10X_P4_1	CCTATTAGTCCGCTGA	10X_P4_1	3-M-9	Tongue
ACATACGTCCTCTAGC.10X_P4_1	ACATACGTCCTCTAGC	10X_P4_1	3-M-9	Tongue
CAGATCATCATACGGT.10X_P4_0	CAGATCATCATACGGT	10X_P4_0	3-M-8	Tongue
GATGAAATCACTTCAT.10X_P4_1	GATGAAATCACTTCAT	10X_P4_1	3-M-9	Tongue
AAAGCAACAGGTTTCA.10X_P4_1	AAAGCAACAGGTTTCA	10X_P4_1	3-M-9	Tongue
ACACTGATCTTGAGGT.10X_P4_1	ACACTGATCTTGAGGT	10X_P4_1	3-M-9	Tongue
CATGACAAGCGATCCC.10X_P4_4	CATGACAAGCGATCCC	10X_P4_4	3-M-9	Bladder
TAAGTGCCAAATACAG.10X_P4_1	TAAGTGCCAAATACAG	10X_P4_1	3-M-9	Tongue
GGCGACTCAGTCGTGC.10X_P4_6	GGCGACTCAGTCGTGC	10X_P4_6	3-M-9	Kidney
TTTATGCGTCCGAGTC.10X_P4_6	TTTATGCGTCCGAGTC	10X_P4_6	3-M-9	Kidney
TTCCCAGCAAGTCATC.10X_P4_1	TTCCCAGCAAGTCATC	10X_P4_1	3-M-9	Tongue
GATTCAGTCGCCTGAG.10X_P4_0	GATTCAGTCGCCTGAG	10X_P4_0	3-M-8	Tongue
TCCACACGTTACGACT.10X_P4_6	TCCACACGTTACGACT	10X_P4_6	3-M-9	Kidney
CATTATCCAGACACTT.10X_P4_6	CATTATCCAGACACTT	10X_P4_6	3-M-9	Kidney
CATCAAGTCAAGCCTA.10X_P4_5	CATCAAGTCAAGCCTA	10X_P4_5	3-M-8	Kidney
GGCCGATTCTTTACAC.10X_P4_4	GGCCGATTCTTTACAC	10X_P4_4	3-M-9	Bladder
TTAGGACTCACGGTTA.10X_P4_1	TTAGGACTCACGGTTA	10X_P4_1	3-M-9	Tongue
TGGGCGTTCGGGAGTA.10X_P4_1	TGGGCGTTCGGGAGTA	10X_P4_1	3-M-9	Tongue
GGGTCTGAGTGTACTC.10X_P4_6	GGGTCTGAGTGTACTC	10X_P4_6	3-M-9	Kidney
GAAACTCAGAAGGGTA.10X_P4_1	GAAACTCAGAAGGGTA	10X_P4_1	3-M-9	Tongue
TGACGGCCAGTTTACG.10X_P4_0	TGACGGCCAGTTTACG	10X_P4_0	3-M-8	Tongue
CGAGCACGTTAAGTAG.10X_P4_4	CGAGCACGTTAAGTAG	10X_P4_4	3-M-9	Bladder
AATCCAGTCCAGAAGG.10X_P4_0	AATCCAGTCCAGAAGG	10X_P4_0	3-M-8	Tongue
CTCTAATAGGCACATG.10X_P4_6	CTCTAATAGGCACATG	10X_P4_6	3-M-9	Kidney
AGCTCTCGTATAAACG.10X_P4_0	AGCTCTCGTATAAACG	10X_P4_0	3-M-8	Tongue
CAGATCAGTCACTGGC.10X_P4_0	CAGATCAGTCACTGGC	10X_P4_0	3-M-8	Tongue
CACACTCAGGGAAACA.10X_P4_5	CACACTCAGGGAAACA	10X_P4_5	3-M-8	Kidney
CATCGAATCTAACGGT.10X_P4_4	CATCGAATCTAACGGT	10X_P4_4	3-M-9	Bladder
CAAGGCCTCTGGAGCC.10X_P4_0	CAAGGCCTCTGGAGCC	10X_P4_0	3-M-8	Tongue
CGGACACTCTTGGGTA.10X_P4_0	CGGACACTCTTGGGTA	10X_P4_0	3-M-8	Tongue
CTCGTCATCGACCAGC.10X_P4_0	CTCGTCATCGACCAGC	10X_P4_0	3-M-8	Tongue
ACGCCAGTCAACCAAC.10X_P4_1	ACGCCAGTCAACCAAC	10X_P4_1	3-M-9	Tongue
GAAGCAGTCCCTTGCA.10X_P4_6	GAAGCAGTCCCTTGCA	10X_P4_6	3-M-9	Kidney
CCGTACTTCTGTGCAA.10X_P4_4	CCGTACTTCTGTGCAA	10X_P4_4	3-M-9	Bladder
CTAATGGGTAGCTAAA.10X_P4_4	CTAATGGGTAGCTAAA	10X_P4_4	3-M-9	Bladder
GCTCTGTCATTACCTT.10X_P4_6	GCTCTGTCATTACCTT	10X_P4_6	3-M-9	Kidney
CGAATGTTCTCAAACG.10X_P4_1	CGAATGTTCTCAAACG	10X_P4_1	3-M-9	Tongue
CAGATCATCCGTCAAA.10X_P4_0	CAGATCATCCGTCAAA	10X_P4_0	3-M-8	Tongue
GTCTTCGGTGTTAAGA.10X_P4_0	GTCTTCGGTGTTAAGA	10X_P4_0	3-M-8	Tongue
TGGCGCACAAGTCATC.10X_P4_4	TGGCGCACAAGTCATC	10X_P4_4	3-M-9	Bladder
CTACGTCAGGCATGGT.10X_P4_6	CTACGTCAGGCATGGT	10X_P4_6	3-M-9	Kidney
CGTGTAATCATCTGTT.10X_P4_1	CGTGTAATCATCTGTT	10X_P4_1	3-M-9	Tongue
TCAGGTATCGTTGACA.10X_P4_0	TCAGGTATCGTTGACA	10X_P4_0	3-M-8	Tongue
GTGAAGGGTCGCATAT.10X_P4_0	GTGAAGGGTCGCATAT	10X_P4_0	3-M-8	Tongue
TTAGTTCCATATGAGA.10X_P4_0	TTAGTTCCATATGAGA	10X_P4_0	3-M-8	Tongue
CGTCACTGTTTGCATG.10X_P4_6	CGTCACTGTTTGCATG	10X_P4_6	3-M-9	Kidney
TGGCGCAAGTATTGGA.10X_P4_4	TGGCGCAAGTATTGGA	10X_P4_4	3-M-9	Bladder
AGTCTTTCAGTCCTTC.10X_P4_1	AGTCTTTCAGTCCTTC	10X_P4_1	3-M-9	Tongue
GGGTCTGTCCACGTGG.10X_P4_1	GGGTCTGTCCACGTGG	10X_P4_1	3-M-9	Tongue
GATTCAGAGTACGTAA.10X_P4_0	GATTCAGAGTACGTAA	10X_P4_0	3-M-8	Tongue
TGTGGTAAGGACACCA.10X_P4_0	TGTGGTAAGGACACCA	10X_P4_0	3-M-8	Tongue
GACCTGGCAAGCCATT.10X_P4_5	GACCTGGCAAGCCATT	10X_P4_5	3-M-8	Kidney
CAGCAGCTCCCGACTT.10X_P4_0	CAGCAGCTCCCGACTT	10X_P4_0	3-M-8	Tongue
GCGCCAATCATGTGGT.10X_P4_4	GCGCCAATCATGTGGT	10X_P4_4	3-M-9	Bladder
CGTTCTGGTGGACGAT.10X_P4_0	CGTTCTGGTGGACGAT	10X_P4_0	3-M-8	Tongue
CGAATGTCATACGCTA.10X_P4_0	CGAATGTCATACGCTA	10X_P4_0	3-M-8	Tongue
TCAACGACAGATCGGA.10X_P4_0	TCAACGACAGATCGGA	10X_P4_0	3-M-8	Tongue
GATCGATTCCACGAAT.10X_P4_1	GATCGATTCCACGAAT	10X_P4_1	3-M-9	Tongue
TTTGTCACATTGGGCC.10X_P4_0	TTTGTCACATTGGGCC	10X_P4_0	3-M-8	Tongue
TCAACGATCCTATGTT.10X_P4_4	TCAACGATCCTATGTT	10X_P4_4	3-M-9	Bladder
GGATTACCATGCGCAC.10X_P4_1	GGATTACCATGCGCAC	10X_P4_1	3-M-9	Tongue
TGACTAGCACCAGGCT.10X_P4_6	TGACTAGCACCAGGCT	10X_P4_6	3-M-9	Kidney
CACATTTTCTGGTATG.10X_P4_3	CACATTTTCTGGTATG	10X_P4_3	3-M-8	Bladder
ATTCTACTCCTATGTT.10X_P4_4	ATTCTACTCCTATGTT	10X_P4_4	3-M-9	Bladder
ATCTGCCTCAAGGTAA.10X_P4_0	ATCTGCCTCAAGGTAA	10X_P4_0	3-M-8	Tongue
ATTTCTGGTAAGTAGT.10X_P4_6	ATTTCTGGTAAGTAGT	10X_P4_6	3-M-9	Kidney
ACGCAGCAGTGGACGT.10X_P4_4	ACGCAGCAGTGGACGT	10X_P4_4	3-M-9	Bladder
GATTCAGTCCGAGCCA.10X_P4_0	GATTCAGTCCGAGCCA	10X_P4_0	3-M-8	Tongue
CGCTTCACAATGAAAC.10X_P4_6	CGCTTCACAATGAAAC	10X_P4_6	3-M-9	Kidney
ACGGGTCCATTAACCG.10X_P4_0	ACGGGTCCATTAACCG	10X_P4_0	3-M-8	Tongue
TGCTACCAGTCAAGCG.10X_P4_1	TGCTACCAGTCAAGCG	10X_P4_1	3-M-9	Tongue
CAGCTAATCATTCACT.10X_P4_0	CAGCTAATCATTCACT	10X_P4_0	3-M-8	Tongue
TAGCCGGGTAGGAGTC.10X_P4_0	TAGCCGGGTAGGAGTC	10X_P4_0	3-M-8	Tongue
TCTCATATCATCGATG.10X_P4_1	TCTCATATCATCGATG	10X_P4_1	3-M-9	Tongue
GGGCATCTCCGTTGTC.10X_P4_3	GGGCATCTCCGTTGTC	10X_P4_3	3-M-8	Bladder
TTGGCAAAGCGATATA.10X_P4_1	TTGGCAAAGCGATATA	10X_P4_1	3-M-9	Tongue
AGCATACCACCACCAG.10X_P4_1	AGCATACCACCACCAG	10X_P4_1	3-M-9	Tongue
AGCGTCGCAATCTACG.10X_P4_1	AGCGTCGCAATCTACG	10X_P4_1	3-M-9	Tongue
CGAATGTAGGCGTACA.10X_P4_0	CGAATGTAGGCGTACA	10X_P4_0	3-M-8	Tongue
GCGCGATTCTTGAGAC.10X_P4_0	GCGCGATTCTTGAGAC	10X_P4_0	3-M-8	Tongue
CTGAAGTTCATGGTCA.10X_P4_1	CTGAAGTTCATGGTCA	10X_P4_1	3-M-9	Tongue
GGCGACTAGAGCTGCA.10X_P4_0	GGCGACTAGAGCTGCA	10X_P4_0	3-M-8	Tongue
ATCTGCCGTGACGGTA.10X_P4_1	ATCTGCCGTGACGGTA	10X_P4_1	3-M-9	Tongue
GTCAAGTAGTAGCCGA.10X_P4_1	GTCAAGTAGTAGCCGA	10X_P4_1	3-M-9	Tongue
CCGTTCAAGCTAAACA.10X_P4_6	CCGTTCAAGCTAAACA	10X_P4_6	3-M-9	Kidney
CAGTAACAGCCTTGAT.10X_P4_0	CAGTAACAGCCTTGAT	10X_P4_0	3-M-8	Tongue
CCTATTAAGGACATTA.10X_P4_0	CCTATTAAGGACATTA	10X_P4_0	3-M-8	Tongue
AGGTCATAGTCACGCC.10X_P4_5	AGGTCATAGTCACGCC	10X_P4_5	3-M-8	Kidney
GTACGTATCACTTATC.10X_P4_1	GTACGTATCACTTATC	10X_P4_1	3-M-9	Tongue
GCGCCAAAGGGTGTGT.10X_P4_1	GCGCCAAAGGGTGTGT	10X_P4_1	3-M-9	Tongue
TTCGGTCCAAAGGAAG.10X_P4_0	TTCGGTCCAAAGGAAG	10X_P4_0	3-M-8	Tongue
GATTCAGAGAAGGTGA.10X_P4_5	GATTCAGAGAAGGTGA	10X_P4_5	3-M-8	Kidney
TTCTCAACATGTCCTC.10X_P4_0	TTCTCAACATGTCCTC	10X_P4_0	3-M-8	Tongue
GGAATAAGTACTCTCC.10X_P4_6	GGAATAAGTACTCTCC	10X_P4_6	3-M-9	Kidney
GGAATAATCGACCAGC.10X_P4_1	GGAATAATCGACCAGC	10X_P4_1	3-M-9	Tongue
GCGACCAAGCAACGGT.10X_P4_1	GCGACCAAGCAACGGT	10X_P4_1	3-M-9	Tongue
GCTGCAGAGCCAACAG.10X_P4_1	GCTGCAGAGCCAACAG	10X_P4_1	3-M-9	Tongue
GATCGTAGTTGTACAC.10X_P4_6	GATCGTAGTTGTACAC	10X_P4_6	3-M-9	Kidney
CGCTTCAAGATTACCC.10X_P4_0	CGCTTCAAGATTACCC	10X_P4_0	3-M-8	Tongue
TTTCCTCCATCAGTAC.10X_P4_0	TTTCCTCCATCAGTAC	10X_P4_0	3-M-8	Tongue
ACGATACAGAATGTGT.10X_P4_0	ACGATACAGAATGTGT	10X_P4_0	3-M-8	Tongue
AAATGCCCAGATAATG.10X_P4_0	AAATGCCCAGATAATG	10X_P4_0	3-M-8	Tongue
GCGCGATAGAATGTTG.10X_P4_0	GCGCGATAGAATGTTG	10X_P4_0	3-M-8	Tongue
ATAACGCTCGGCTTGG.10X_P4_4	ATAACGCTCGGCTTGG	10X_P4_4	3-M-9	Bladder
CGTTAGATCCAGTATG.10X_P4_4	CGTTAGATCCAGTATG	10X_P4_4	3-M-9	Bladder
TCGTAGATCCGTACAA.10X_P4_1	TCGTAGATCCGTACAA	10X_P4_1	3-M-9	Tongue
CGGCTAGAGATCGATA.10X_P4_0	CGGCTAGAGATCGATA	10X_P4_0	3-M-8	Tongue
TCTGGAAGTCTAAACC.10X_P4_0	TCTGGAAGTCTAAACC	10X_P4_0	3-M-8	Tongue
CAGCGACTCAGCAACT.10X_P4_6	CAGCGACTCAGCAACT	10X_P4_6	3-M-9	Kidney
CTCATTAGAGAAAGAG.10X_P4_3	CTCATTAGAGAAAGAG	10X_P4_3	3-M-8	Bladder
CTTCTCTAGCGGCTTC.10X_P4_1	CTTCTCTAGCGGCTTC	10X_P4_1	3-M-9	Tongue
TGCACCTTCACCTTAT.10X_P4_5	TGCACCTTCACCTTAT	10X_P4_5	3-M-8	Kidney
ATAAGAGGTCAGCTAT.10X_P4_1	ATAAGAGGTCAGCTAT	10X_P4_1	3-M-9	Tongue
GGTGTTACAGAGTGTG.10X_P4_1	GGTGTTACAGAGTGTG	10X_P4_1	3-M-9	Tongue
CGTAGCGCACCGATAT.10X_P4_5	CGTAGCGCACCGATAT	10X_P4_5	3-M-8	Kidney
CTCCTAGGTCTTCAAG.10X_P4_4	CTCCTAGGTCTTCAAG	10X_P4_4	3-M-9	Bladder
ACGCCGATCCGTCAAA.10X_P4_1	ACGCCGATCCGTCAAA	10X_P4_1	3-M-9	Tongue
GTGCATACATCTCGCT.10X_P4_6	GTGCATACATCTCGCT	10X_P4_6	3-M-9	Kidney
CAGTCCTGTTCGTGAT.10X_P4_4	CAGTCCTGTTCGTGAT	10X_P4_4	3-M-9	Bladder
CATCCACGTGATGCCC.10X_P4_6	CATCCACGTGATGCCC	10X_P4_6	3-M-9	Kidney
GTAGTCATCCTCAACC.10X_P4_0	GTAGTCATCCTCAACC	10X_P4_0	3-M-8	Tongue
CGCTGGAGTTTGTGTG.10X_P4_4	CGCTGGAGTTTGTGTG	10X_P4_4	3-M-9	Bladder
CTAATGGGTTTCGCTC.10X_P4_1	CTAATGGGTTTCGCTC	10X_P4_1	3-M-9	Tongue
ACTGCTCGTGTAACGG.10X_P4_1	ACTGCTCGTGTAACGG	10X_P4_1	3-M-9	Tongue
CTGAAACTCTTCGAGA.10X_P4_6	CTGAAACTCTTCGAGA	10X_P4_6	3-M-9	Kidney
CAGCAGCGTGTGTGCC.10X_P4_1	CAGCAGCGTGTGTGCC	10X_P4_1	3-M-9	Tongue
CCACTACGTTAAAGTG.10X_P4_1	CCACTACGTTAAAGTG	10X_P4_1	3-M-9	Tongue
AGTGAGGAGTGTACTC.10X_P4_3	AGTGAGGAGTGTACTC	10X_P4_3	3-M-8	Bladder
TGGCTGGGTACCGAGA.10X_P4_1	TGGCTGGGTACCGAGA	10X_P4_1	3-M-9	Tongue
CTGCTGTAGTGTTTGC.10X_P4_1	CTGCTGTAGTGTTTGC	10X_P4_1	3-M-9	Tongue
CACAAACTCCGCATAA.10X_P4_0	CACAAACTCCGCATAA	10X_P4_0	3-M-8	Tongue
ATGGGAGCACATCCAA.10X_P4_4	ATGGGAGCACATCCAA	10X_P4_4	3-M-9	Bladder
ACGCCAGAGGAGTTTA.10X_P4_0	ACGCCAGAGGAGTTTA	10X_P4_0	3-M-8	Tongue
TTGACTTGTTAAGACA.10X_P4_0	TTGACTTGTTAAGACA	10X_P4_0	3-M-8	Tongue
CTACGTCTCGTGGTCG.10X_P4_1	CTACGTCTCGTGGTCG	10X_P4_1	3-M-9	Tongue
CACCTTGGTGGACGAT.10X_P4_0	CACCTTGGTGGACGAT	10X_P4_0	3-M-8	Tongue
CTACGTCTCCAGATCA.10X_P4_0	CTACGTCTCCAGATCA	10X_P4_0	3-M-8	Tongue
CTCGAGGAGGCGCTCT.10X_P4_3	CTCGAGGAGGCGCTCT	10X_P4_3	3-M-8	Bladder
GGAGCAATCGTGGTCG.10X_P4_5	GGAGCAATCGTGGTCG	10X_P4_5	3-M-8	Kidney
GGACGTCGTAAGGGCT.10X_P4_0	GGACGTCGTAAGGGCT	10X_P4_0	3-M-8	Tongue
CATGCCTAGCTAGTTC.10X_P4_4	CATGCCTAGCTAGTTC	10X_P4_4	3-M-9	Bladder
ACGGCCAAGATGCCTT.10X_P4_1	ACGGCCAAGATGCCTT	10X_P4_1	3-M-9	Tongue
GTGGGTCAGCTGGAAC.10X_P4_6	GTGGGTCAGCTGGAAC	10X_P4_6	3-M-9	Kidney
GCGCGATCATATACCG.10X_P4_4	GCGCGATCATATACCG	10X_P4_4	3-M-9	Bladder
TACTTGTGTTCCTCCA.10X_P4_6	TACTTGTGTTCCTCCA	10X_P4_6	3-M-9	Kidney
TTGGAACAGGGATACC.10X_P4_1	TTGGAACAGGGATACC	10X_P4_1	3-M-9	Tongue
ATTCTACCAGATTGCT.10X_P4_1	ATTCTACCAGATTGCT	10X_P4_1	3-M-9	Tongue
GTAGGCCGTTAAAGTG.10X_P4_1	GTAGGCCGTTAAAGTG	10X_P4_1	3-M-9	Tongue
GCTTGAAAGTAACCCT.10X_P4_1	GCTTGAAAGTAACCCT	10X_P4_1	3-M-9	Tongue
CACACTCAGGCATTGG.10X_P4_6	CACACTCAGGCATTGG	10X_P4_6	3-M-9	Kidney
GTGAAGGGTTGAGTTC.10X_P4_0	GTGAAGGGTTGAGTTC	10X_P4_0	3-M-8	Tongue
TTCTACAGTCTTGCGG.10X_P4_1	TTCTACAGTCTTGCGG	10X_P4_1	3-M-9	Tongue
CTTGGCTTCCACGACG.10X_P4_1	CTTGGCTTCCACGACG	10X_P4_1	3-M-9	Tongue
GCGACCACAGACGCCT.10X_P4_4	GCGACCACAGACGCCT	10X_P4_4	3-M-9	Bladder
CAGTCCTGTAGCGCAA.10X_P4_0	CAGTCCTGTAGCGCAA	10X_P4_0	3-M-8	Tongue
GGCCGATGTACGCTGC.10X_P4_1	GGCCGATGTACGCTGC	10X_P4_1	3-M-9	Tongue
CGCTATCTCCTAGGGC.10X_P4_4	CGCTATCTCCTAGGGC	10X_P4_4	3-M-9	Bladder
CCGGTAGGTTGAACTC.10X_P4_5	CCGGTAGGTTGAACTC	10X_P4_5	3-M-8	Kidney
TGCCCTAGTCCGAGTC.10X_P4_1	TGCCCTAGTCCGAGTC	10X_P4_1	3-M-9	Tongue
TCACAAGGTTACGCGC.10X_P4_0	TCACAAGGTTACGCGC	10X_P4_0	3-M-8	Tongue
ACTGCTCGTAAACCTC.10X_P4_5	ACTGCTCGTAAACCTC	10X_P4_5	3-M-8	Kidney
AAGGCAGCACCATGTA.10X_P4_0	AAGGCAGCACCATGTA	10X_P4_0	3-M-8	Tongue
CCCAATCGTTCCGTCT.10X_P4_4	CCCAATCGTTCCGTCT	10X_P4_4	3-M-9	Bladder
TTCCCAGTCCGCTGTT.10X_P4_4	TTCCCAGTCCGCTGTT	10X_P4_4	3-M-9	Bladder
CAGCCGATCCTAGTGA.10X_P4_4	CAGCCGATCCTAGTGA	10X_P4_4	3-M-9	Bladder
GACCTGGTCACTCCTG.10X_P4_0	GACCTGGTCACTCCTG	10X_P4_0	3-M-8	Tongue
TGACTTTGTTAAGATG.10X_P4_0	TGACTTTGTTAAGATG	10X_P4_0	3-M-8	Tongue
AGTTGGTCAAGCTGAG.10X_P4_0	AGTTGGTCAAGCTGAG	10X_P4_0	3-M-8	Tongue
GCACATAAGAAGAAGC.10X_P4_0	GCACATAAGAAGAAGC	10X_P4_0	3-M-8	Tongue
AGTGTCAGTTCTCATT.10X_P4_0	AGTGTCAGTTCTCATT	10X_P4_0	3-M-8	Tongue
CGCCAAGGTGCACTTA.10X_P4_1	CGCCAAGGTGCACTTA	10X_P4_1	3-M-9	Tongue
CGGTTAAGTGCGAAAC.10X_P4_0	CGGTTAAGTGCGAAAC	10X_P4_0	3-M-8	Tongue
AGCGGTCGTTCCCTTG.10X_P4_0	AGCGGTCGTTCCCTTG	10X_P4_0	3-M-8	Tongue
CTTTGCGTCTTCTGGC.10X_P4_1	CTTTGCGTCTTCTGGC	10X_P4_1	3-M-9	Tongue
CGTGTCTCAGGAATGC.10X_P4_0	CGTGTCTCAGGAATGC	10X_P4_0	3-M-8	Tongue
CATCGGGTCGATCCCT.10X_P4_0	CATCGGGTCGATCCCT	10X_P4_0	3-M-8	Tongue
GGGTCTGTCTGTGCAA.10X_P4_1	GGGTCTGTCTGTGCAA	10X_P4_1	3-M-9	Tongue
TTGCGTCCATGCCACG.10X_P4_0	TTGCGTCCATGCCACG	10X_P4_0	3-M-8	Tongue
CACAAACCATGAACCT.10X_P4_4	CACAAACCATGAACCT	10X_P4_4	3-M-9	Bladder
CGCCAAGGTCCTCCAT.10X_P4_0	CGCCAAGGTCCTCCAT	10X_P4_0	3-M-8	Tongue
TGTTCCGCATGCATGT.10X_P4_4	TGTTCCGCATGCATGT	10X_P4_4	3-M-9	Bladder
CACATAGAGTCGAGTG.10X_P4_0	CACATAGAGTCGAGTG	10X_P4_0	3-M-8	Tongue
GTTCTCGGTTCGCTAA.10X_P4_1	GTTCTCGGTTCGCTAA	10X_P4_1	3-M-9	Tongue
TCTTTCCTCCGCATAA.10X_P4_3	TCTTTCCTCCGCATAA	10X_P4_3	3-M-8	Bladder
CGTTCTGGTAGCACGA.10X_P4_0	CGTTCTGGTAGCACGA	10X_P4_0	3-M-8	Tongue
CAACCAAAGTCTCCTC.10X_P4_0	CAACCAAAGTCTCCTC	10X_P4_0	3-M-8	Tongue
ACTGCTCCACATCCAA.10X_P4_4	ACTGCTCCACATCCAA	10X_P4_4	3-M-9	Bladder
CTCCTAGAGAGTACAT.10X_P4_4	CTCCTAGAGAGTACAT	10X_P4_4	3-M-9	Bladder
GGACAAGCATTACGAC.10X_P4_1	GGACAAGCATTACGAC	10X_P4_1	3-M-9	Tongue
AGGGATGTCACCGTAA.10X_P4_0	AGGGATGTCACCGTAA	10X_P4_0	3-M-8	Tongue
GCGCAACCACACCGAC.10X_P4_1	GCGCAACCACACCGAC	10X_P4_1	3-M-9	Tongue
ACAGCCGCAGACACTT.10X_P4_0	ACAGCCGCAGACACTT	10X_P4_0	3-M-8	Tongue
GGCGACTTCACTCCTG.10X_P4_4	GGCGACTTCACTCCTG	10X_P4_4	3-M-9	Bladder
GATCGATTCTCAACTT.10X_P4_0	GATCGATTCTCAACTT	10X_P4_0	3-M-8	Tongue
CGGACACCATTTCAGG.10X_P4_0	CGGACACCATTTCAGG	10X_P4_0	3-M-8	Tongue
AAAGTAGAGGTACTCT.10X_P4_0	AAAGTAGAGGTACTCT	10X_P4_0	3-M-8	Tongue
TGACTAGCAATACGCT.10X_P4_6	TGACTAGCAATACGCT	10X_P4_6	3-M-9	Kidney
CTCTGGTAGGCCATAG.10X_P4_4	CTCTGGTAGGCCATAG	10X_P4_4	3-M-9	Bladder
ATGGGAGCAAGTTGTC.10X_P4_6	ATGGGAGCAAGTTGTC	10X_P4_6	3-M-9	Kidney
CCTTACGTCGGTGTCG.10X_P4_0	CCTTACGTCGGTGTCG	10X_P4_0	3-M-8	Tongue
AGCTCTCAGTAGGCCA.10X_P4_0	AGCTCTCAGTAGGCCA	10X_P4_0	3-M-8	Tongue
AAGGTTCGTAAGGATT.10X_P4_1	AAGGTTCGTAAGGATT	10X_P4_1	3-M-9	Tongue
AGCGTATAGTTCGCGC.10X_P4_1	AGCGTATAGTTCGCGC	10X_P4_1	3-M-9	Tongue
CCCAGTTAGCCACGTC.10X_P4_0	CCCAGTTAGCCACGTC	10X_P4_0	3-M-8	Tongue
CTCGAGGTCACTGGGC.10X_P4_4	CTCGAGGTCACTGGGC	10X_P4_4	3-M-9	Bladder
AGTGGGAGTGCAACTT.10X_P4_0	AGTGGGAGTGCAACTT	10X_P4_0	3-M-8	Tongue
CCACGGACATGAACCT.10X_P4_0	CCACGGACATGAACCT	10X_P4_0	3-M-8	Tongue
GACGTTAAGTCATGCT.10X_P4_1	GACGTTAAGTCATGCT	10X_P4_1	3-M-9	Tongue
TTAGGCATCTAGCACA.10X_P4_0	TTAGGCATCTAGCACA	10X_P4_0	3-M-8	Tongue
CGCCAAGAGCTGAACG.10X_P4_5	CGCCAAGAGCTGAACG	10X_P4_5	3-M-8	Kidney
GCCAAATTCTTATCTG.10X_P4_1	GCCAAATTCTTATCTG	10X_P4_1	3-M-9	Tongue
TCGCGTTTCTCTGTCG.10X_P4_0	TCGCGTTTCTCTGTCG	10X_P4_0	3-M-8	Tongue
TCGCGTTGTCGGCTCA.10X_P4_6	TCGCGTTGTCGGCTCA	10X_P4_6	3-M-9	Kidney
TGTATTCAGTCCCACG.10X_P4_6	TGTATTCAGTCCCACG	10X_P4_6	3-M-9	Kidney
TGAGCATTCTGTCTAT.10X_P4_0	TGAGCATTCTGTCTAT	10X_P4_0	3-M-8	Tongue
CGATCGGTCTTGAGAC.10X_P4_1	CGATCGGTCTTGAGAC	10X_P4_1	3-M-9	Tongue
GTGTGCGTCTTTACGT.10X_P4_1	GTGTGCGTCTTTACGT	10X_P4_1	3-M-9	Tongue
TTGCGTCAGATGCCTT.10X_P4_5	TTGCGTCAGATGCCTT	10X_P4_5	3-M-8	Kidney
ACTGAACAGAGGGCTT.10X_P4_0	ACTGAACAGAGGGCTT	10X_P4_0	3-M-8	Tongue
ACAGCCGAGTACGTAA.10X_P4_0	ACAGCCGAGTACGTAA	10X_P4_0	3-M-8	Tongue
AGGGATGAGACACTAA.10X_P4_6	AGGGATGAGACACTAA	10X_P4_6	3-M-9	Kidney
AAACCTGCATGTTGAC.10X_P4_6	AAACCTGCATGTTGAC	10X_P4_6	3-M-9	Kidney
GTACTTTCACGTTGGC.10X_P4_4	GTACTTTCACGTTGGC	10X_P4_4	3-M-9	Bladder
ATTCTACAGCAGACTG.10X_P4_1	ATTCTACAGCAGACTG	10X_P4_1	3-M-9	Tongue
GAATAAGTCAGCTGGC.10X_P4_1	GAATAAGTCAGCTGGC	10X_P4_1	3-M-9	Tongue
CATATTCAGGTGTGGT.10X_P4_4	CATATTCAGGTGTGGT	10X_P4_4	3-M-9	Bladder
CGGTTAAAGAACAATC.10X_P4_1	CGGTTAAAGAACAATC	10X_P4_1	3-M-9	Tongue
GGCGACTGTACTTCTT.10X_P4_1	GGCGACTGTACTTCTT	10X_P4_1	3-M-9	Tongue
CACCTTGGTCGACTGC.10X_P4_6	CACCTTGGTCGACTGC	10X_P4_6	3-M-9	Kidney
TACGGTAAGCGTTGCC.10X_P4_0	TACGGTAAGCGTTGCC	10X_P4_0	3-M-8	Tongue
CTAGAGTCAGCCTGTG.10X_P4_1	CTAGAGTCAGCCTGTG	10X_P4_1	3-M-9	Tongue
TCAGGTAGTGCTCTTC.10X_P4_0	TCAGGTAGTGCTCTTC	10X_P4_0	3-M-8	Tongue
TGAAAGAAGAGTAAGG.10X_P4_1	TGAAAGAAGAGTAAGG	10X_P4_1	3-M-9	Tongue
CCACTACTCAGCACAT.10X_P4_5	CCACTACTCAGCACAT	10X_P4_5	3-M-8	Kidney
ACGAGCCGTGTGGCTC.10X_P4_0	ACGAGCCGTGTGGCTC	10X_P4_0	3-M-8	Tongue
GTAACGTAGGGTGTTG.10X_P4_4	GTAACGTAGGGTGTTG	10X_P4_4	3-M-9	Bladder
GCACTCTAGCGTGAGT.10X_P4_1	GCACTCTAGCGTGAGT	10X_P4_1	3-M-9	Tongue
GGGATGATCCAAATGC.10X_P4_0	GGGATGATCCAAATGC	10X_P4_0	3-M-8	Tongue
AGCATACCACATGTGT.10X_P4_1	AGCATACCACATGTGT	10X_P4_1	3-M-9	Tongue
TTTACTGAGTATCGAA.10X_P4_0	TTTACTGAGTATCGAA	10X_P4_0	3-M-8	Tongue
TTAACTCGTGAAATCA.10X_P4_4	TTAACTCGTGAAATCA	10X_P4_4	3-M-9	Bladder
TTGCCGTCAATAAGCA.10X_P4_0	TTGCCGTCAATAAGCA	10X_P4_0	3-M-8	Tongue
GGGAATGAGTCATCCA.10X_P4_0	GGGAATGAGTCATCCA	10X_P4_0	3-M-8	Tongue
CGATGTACATCCTAGA.10X_P4_1	CGATGTACATCCTAGA	10X_P4_1	3-M-9	Tongue
TCTCTAACACAGATTC.10X_P4_4	TCTCTAACACAGATTC	10X_P4_4	3-M-9	Bladder
CAGCTAAAGCGTGTCC.10X_P4_1	CAGCTAAAGCGTGTCC	10X_P4_1	3-M-9	Tongue
TCTGGAATCTAACTGG.10X_P4_0	TCTGGAATCTAACTGG	10X_P4_0	3-M-8	Tongue
TTCGAAGAGGCTAGAC.10X_P4_0	TTCGAAGAGGCTAGAC	10X_P4_0	3-M-8	Tongue
GGCGTGTCATTGGGCC.10X_P4_3	GGCGTGTCATTGGGCC	10X_P4_3	3-M-8	Bladder
CCCATACAGAAGCCCA.10X_P4_4	CCCATACAGAAGCCCA	10X_P4_4	3-M-9	Bladder
CGGAGCTCACGTAAGG.10X_P4_1	CGGAGCTCACGTAAGG	10X_P4_1	3-M-9	Tongue
TGGCCAGAGACGCACA.10X_P4_0	TGGCCAGAGACGCACA	10X_P4_0	3-M-8	Tongue
CCTATTAAGGTGACCA.10X_P4_0	CCTATTAAGGTGACCA	10X_P4_0	3-M-8	Tongue
TTCTTAGCATTCCTCG.10X_P4_0	TTCTTAGCATTCCTCG	10X_P4_0	3-M-8	Tongue
GATCTAGCAGTATCTG.10X_P4_0	GATCTAGCAGTATCTG	10X_P4_0	3-M-8	Tongue
CTACCCACAGGCGATA.10X_P4_1	CTACCCACAGGCGATA	10X_P4_1	3-M-9	Tongue
AGCCTAATCGAGAGCA.10X_P4_6	AGCCTAATCGAGAGCA	10X_P4_6	3-M-9	Kidney
GCAGTTAGTCTCATCC.10X_P4_1	GCAGTTAGTCTCATCC	10X_P4_1	3-M-9	Tongue
TTCGAAGTCCTTGCCA.10X_P4_0	TTCGAAGTCCTTGCCA	10X_P4_0	3-M-8	Tongue
AACGTTGAGGGTCTCC.10X_P4_4	AACGTTGAGGGTCTCC	10X_P4_4	3-M-9	Bladder
TCGGTAACACATTCGA.10X_P4_1	TCGGTAACACATTCGA	10X_P4_1	3-M-9	Tongue
ACTATCTGTTGTGGCC.10X_P4_5	ACTATCTGTTGTGGCC	10X_P4_5	3-M-8	Kidney
AGGTCCGAGCGCCTCA.10X_P4_6	AGGTCCGAGCGCCTCA	10X_P4_6	3-M-9	Kidney
CCTTACGTCGGCGGTT.10X_P4_4	CCTTACGTCGGCGGTT	10X_P4_4	3-M-9	Bladder
GCTGCGAAGGATGTAT.10X_P4_6	GCTGCGAAGGATGTAT	10X_P4_6	3-M-9	Kidney
CGAGAAGAGAGTACCG.10X_P4_1	CGAGAAGAGAGTACCG	10X_P4_1	3-M-9	Tongue
TCAGGATTCCGTCAAA.10X_P4_1	TCAGGATTCCGTCAAA	10X_P4_1	3-M-9	Tongue
ACAGCCGAGTGCCAGA.10X_P4_0	ACAGCCGAGTGCCAGA	10X_P4_0	3-M-8	Tongue
GCGCGATGTGGCAAAC.10X_P4_1	GCGCGATGTGGCAAAC	10X_P4_1	3-M-9	Tongue
TTCTTAGTCTAGAGTC.10X_P4_4	TTCTTAGTCTAGAGTC	10X_P4_4	3-M-9	Bladder
TAGAGCTAGTGGGTTG.10X_P4_4	TAGAGCTAGTGGGTTG	10X_P4_4	3-M-9	Bladder
TCAGATGTCGGCGCTA.10X_P4_5	TCAGATGTCGGCGCTA	10X_P4_5	3-M-8	Kidney
